township,township_en,township_mm,township_code_en,township_code_mm,state_code,state_en,state_mm,wiki_township_mm,wiki_township_en
AMARAPURA,A MA RA PU RA,အမရပူရ,AHMAYA,အမရ,9,Mandalay,မန္တလေးတိုင်းဒေသကြီး,အမရပူရ,Amarapura
AYARTAW,A YAR TAW,အရာတော်,AHYATA,အရတ,5,Sagaing,စစ်ကိုင်းတိုင်းဒေသကြီး,အရာတော်,Ayadaw
AHLON,AHLON,အလုံ,AHLANA,အလန,12,Yangon,ရန်ကုန်တိုင်းဒေသကြီး,အလုံ,Ahlone
AHMAR,AHMAR,အမာ,AHMATA,အမတ,14,Ayeyarwady,ဧရာဝတီတိုင်းဒေသကြီး,အမာ,Ahmar
AN,AN,အမ်း,AHMANA,အမန,11,Rakhine,ရခိုင်ပြည်နယ်,အမ်း,Ann
AUNGLAN,AUNG LAN,အောင်လံ,AHLANA,အလန,8,Magway,မကွေးတိုင်းဒေသကြီး,အောင်လံ,Aunglan
AUNGMYETHARZAN,AUNG MYE THAR ZAN,အောင်မြေသာဇံ,AHMAZA,အမဇ,9,Mandalay,မန္တလေးတိုင်းဒေသကြီး,အောင်မြေသာဇံ,Aungmyaythazan
AUNGPAN,AUNG PAN,အောင်ပန်း,AHPANA,အပန,13,Shan,ရှမ်းပြည်နယ်,အောင်ပန်း,Aungpan
AYETHARYAR,AYE THAR YAR,အေးသာယာ,AHTHAYA,အသယ,13,Shan,ရှမ်းပြည်နယ်,အေးသာယာ,Ayetharyar
BAGO,BAGO,ပဲခူး,PAKHANA,ပခန,7,Bago,ပဲခူးတိုင်းဒေသကြီး,ပဲခူး,Bago
BAHAN,BAHAN,ဗဟန်း,BAHANA,ဗဟန,12,Yangon,ရန်ကုန်တိုင်းဒေသကြီး,ဗဟန်း,Bahan
BANMAUK,BAN MAUK,ဗန်းမောက်,BAMANA,ဗမန,5,Sagaing,စစ်ကိုင်းတိုင်းဒေသကြီး,ဗန်းမောက်,Banmauk
BAW GA LI,BAW GA LI,ဘော်ဂလိ,BAGALA,ဘဂလ,3,Kayin,ကရင်ပြည်နယ်,ဘောဂလိ,Baw Ga Li
BAWLAKHE,BAW LA KHE,ဘော်လခဲ,BALAKHA,ဘလခ,2,Kayah,ကယားပြည်နယ်,ဘောလခဲ,Baw La Khe
BHAMO,BHA MO,ဗန်းမော်,BAMANA,ဗမန,1,Kachin,ကချင်ပြည်နယ်,ဗန်းမော်,Bhamo
BILIN,BI LIN,ဘီလင်း,BALANA,ဘလန,10,Mon,မွန်ပြည်နယ်,ဘီးလင်း,Bi Lin
BOGALE,BO GA LE,ဘိုကလေး,BAKALA,ဘကလ,14,Ayeyarwady,ဧရာဝတီတိုင်းဒေသကြီး,ဘိုကလေး,Bogale
BOTAHTAUNG,BO TA HTAUNG,ဗိုလ်တထောင်,BATAHTA,ဗတထ,12,Yangon,ရန်ကုန်တိုင်းဒေသကြီး,ဗိုလ်တထောင်,Botahtaung
BOKEPYIN,BOKE PYIN,ဘုတ်ပြင်း,BAPANA,ဘပန,6,Tanintharyi,တနင်္သာရီတိုင်းဒေသကြီး,ဘုတ်ပြင်း,Bokpyin
BUTALIN,BU TA LIN,ဘုတလင်,BATALA,ဘတလ,5,Sagaing,စစ်ကိုင်းတိုင်းဒေသကြီး,ဘုတလင်,Budalin
BUTHIDAUNG,BU THI DAUNG,ဘူးသီးတောင်,BATHATA,ဘသတ,11,Rakhine,ရခိုင်ပြည်နယ်,ဘူးသီးတောင်,Buthidaung
CHANAYETHARZAN,CHAN AYE THAR ZAN,ချမ်းအေးသာဇံ,KHAAHZA,ခအဇ,9,Mandalay,မန္တလေးတိုင်းဒေသကြီး,ချမ်းအေးသာဇံ,Chanayethazan
CHANMYATHARZI,CHAN MYA THAR ZI,ချမ်းမြေ့သာစည်,KHAMASA,ခမစ,9,Mandalay,မန္တလေးတိုင်းဒေသကြီး,ချမ်းမြသာစည်,Chan Mya Thar Zi
CHAUK,CHAUK,ချောက်,KHAMANA,ခမန,8,Magway,မကွေးတိုင်းဒေသကြီး,ချောက်,Chauk
CHAUNGOO,CHAUNG OO,ချောင်းဦး,KHAOUTA,ခဥတ,5,Sagaing,စစ်ကိုင်းတိုင်းဒေသကြီး,ချောင်းဦး,Chaung-U
CHAUNGZON,CHAUNG ZON,ချောင်းဆုံ,KHASANA,ခဆန,10,Mon,မွန်ပြည်နယ်,ချောင်းဆုံ,Chaungzon
CHIPHWE,CHI PHWE,ချီဖွေ,KHAPHANA,ခဖန,1,Kachin,ကချင်ပြည်နယ်,ချီဖွေ,Chipwi
CHINSHWEHAW,CHIN SHWE HAW,ချင်းရွှေဟော်,KHAYAHA,ခရဟ,13,Shan,ရှမ်းပြည်နယ်,ချင်းရွှေဟော်,Chinshwehaw
CIKHA,CIKHA,ကျီခါး,KAKHANA,ကခန,4,Chin,ချင်းပြည်နယ်,ကျီခါး,Cikha
COCOGYUN,CO CO GYUN,ကိုကိုးကျွန်း,KAKAKA,ကကက,12,Yangon,ရန်ကုန်တိုင်းဒေသကြီး,ကိုကိုးကျွန်း,Cocokyun
DANUBYU,DA NU BYU,ဓနုဖြူ,DANAPHA,ဓနဖ,14,Ayeyarwady,ဧရာဝတီတိုင်းဒေသကြီး,ဓနုဖြူ,Danubyu
DAWEI,DA WEI,ထားဝယ်,HTAWANA,ထဝန,6,Tanintharyi,တနင်္သာရီတိုင်းဒေသကြီး,ထားဝယ်,Dawei
DAGON,DAGON,ဒဂုံ,DAGANA,ဒဂန,12,Yangon,ရန်ကုန်တိုင်းဒေသကြီး,ဒဂုံ,Dagon
DAGONMYOTHIT(EAST),DAGON MYOTHIT(EAST),ဒဂုံမြို့သစ် (အရှေ့),DAGAYA,ဒဂရ,12,Yangon,ရန်ကုန်တိုင်းဒေသကြီး,ဒဂုံမြို့သစ် (အရှေ့ပိုင်း),Dagon Myothit(East)
DAGONMYOTHIT(SEIKKAN),DAGON MYOTHIT(SEIKKAN),ဒဂုံဆိပ်ကမ်း,DAGASA,ဒဂဆ,12,Yangon,ရန်ကုန်တိုင်းဒေသကြီး,ဒဂုံမြို့သစ် (ဆိပ်ကမ်း),Dagon Myothit(Seikkan)
DAIKU,DAIK U,ဒိုက်ဦး,DAOUNA,ဒဥန,7,Bago,ပဲခူးတိုင်းဒေသကြီး,ဒိုက်ဦး,Daik-U
DALA,DALA,ဒလ,DALANA,ဒလန,12,Yangon,ရန်ကုန်တိုင်းဒေသကြီး,ဒလ,Dala
DAWBON,DAW BON,ဒေါပုံ,DAPANA,ဒပန,12,Yangon,ရန်ကုန်တိုင်းဒေသကြီး,ဒေါပုံ,Dawbon
DAYDAYE,DAY DA YE,ဒေးဒရဲ,DADAYA,ဒဒရ,14,Ayeyarwady,ဧရာဝတီတိုင်းဒေသကြီး,ဒေးဒရဲ,Dedaye
DEPAYIN,DE PA YIN,ဒီပဲယင်း,DAPAYA,ဒပယ,5,Sagaing,စစ်ကိုင်းတိုင်းဒေသကြီး,ဒီပဲယင်း,Tabayin
DEKKHINATHIRI,DEK KHI NA THIRI,ဒက္ခိဏသီရိ,DAKHATHA,ဒခသ,9,Mandalay,မန္တလေးတိုင်းဒေသကြီး,ဒက္ခိဏသီရိ,Det Khi Na Thi Ri
DIMAWSO,DI MAW SO,ဒီမောဆိုး,DAMASA,ဒမဆ,2,Kayah,ကယားပြည်နယ်,ဒီးမော့ဆို,Di Maw So
KHAN TEE(UPPER),DON HEE,ဒုံဟီး,DAHANA,ဒဟန,5,Sagaing,စစ်ကိုင်းတိုင်းဒေသကြီး,ဒုံဟီး,Don Hee
DOTPHONEYAN,DOT PHONE YAN,ဒေါ့ဖုန်းယန်,DAPHAYA,ဒဖယ,1,Kachin,ကချင်ပြည်နယ်,ဒေါ့ဖုန်းယန်,Dawthponeyan
EINME,EIN ME,အိမ်မဲ,AHMANA,အမန,14,Ayeyarwady,ဧရာဝတီတိုင်းဒေသကြီး,အိမ်မဲ,Einme
FALAM,FA LAM,ဖလမ်း,PHALANA,ဖလန,4,Chin,ချင်းပြည်နယ်,ဖလမ်း,Falam
GANGAW,GAN GAW,ဂန့်ဂေါ,GAGANA,ဂဂန,8,Magway,မကွေးတိုင်းဒေသကြီး,ဂန့်ဂေါ,Gangaw
GWA,GWA,ဂွ,GAMANA,ဂမန,11,Rakhine,ရခိုင်ပြည်နယ်,ဂွ,Gwa
GYOBINGAUK,GYO BIN GAUK,ကြို့ပင်ကောက်,KAPAKA,ကပက,7,Bago,ပဲခူးတိုင်းဒေသကြီး,ကြို့ပင်ကောက်,Gyobingauk
HAINGGYIKYUN,HAING GYI KYUN,ဟိုင်းကြီးကျွန်း,HAKAKA,ဟကက,14,Ayeyarwady,ဧရာဝတီတိုင်းဒေသကြီး,ဟိုင်းကြီးကျွန်း,Hainggyikyun
HAKA,HAKA,ဟားခါး,HAKHANA,ဟခန,4,Chin,ချင်းပြည်နယ်,ဟားခါး,Hakha
HEHO,HEHO,ဟဲဟိုး,HAHANA,ဟဟန,13,Shan,ရှမ်းပြည်နယ်,ဟဲဟိုး,He Hoe
HINTHADA,HIN THA DA,ဟင်္သာတ,HATHATA,ဟသတ,14,Ayeyarwady,ဧရာဝတီတိုင်းဒေသကြီး,ဟင်္သာတ,Hinthada
HKAMTI,HKAMTI,ခန္တီး,KHATANA,ခတန,5,Sagaing,စစ်ကိုင်းတိုင်းဒေသကြီး,ခန္တီး,Hkamti
HLAINGBWE,HLAING BWE,လှိုင်းဘွဲ့,LABANA,လဘန,3,Kayin,ကရင်ပြည်နယ်,လှိုင်းဘွဲ့,Hlaingbwe
HLEGU,HLEGU,လှည်းကူး,LAKANA,လကန,12,Yangon,ရန်ကုန်တိုင်းဒေသကြီး,လှည်းကူး,Hlegu
HLINE,HLINE,လှိုင်,LAMANA,လမန,12,Yangon,ရန်ကုန်တိုင်းဒေသကြီး,လှိုင်,Hlaing
HLINETHAYA,HLINE THA YA,လှိုင်သာယာ,LATHAYA,လသယ,12,Yangon,ရန်ကုန်တိုင်းဒေသကြီး,လှိုင်သာယာ,Hlaingtharya
HMAWBY,HMAWBY,မှော်ဘီ,MABANA,မဘန,12,Yangon,ရန်ကုန်တိုင်းဒေသကြီး,မှော်ဘီ,Hmawbi
HOMALIN,HO MA LIN,ဟုမ္မလင်း,HAMALA,ဟမလ,5,Sagaing,စစ်ကိုင်းတိုင်းဒေသကြီး,ဟုမ္မလင်း,Homalin
HOMANE,HO MANE,ဟိုမိန်း,HAMANA,ဟမန,13,Shan,ရှမ်းပြည်နယ်,ဟိုမိန်း,Homein
HOPAN,HO PAN,ဟိုပန်,HAPATA,ဟပတ,13,Shan,ရှမ်းပြည်နယ်,ဟိုပန်,Hopang
HOPIN,HO PIN,ဟိုပင်,HAPANA,ဟပန,1,Kachin,ကချင်ပြည်နယ်,ဟိုပင်,Hopin
HOPON,HO PON,ဟိုပုန်း,HAPANA,ဟပန,13,Shan,ရှမ်းပြည်နယ်,ဟိုပုံး,Ho Pon
HPA-AN,HPA-AN,ဘားအံ,BAAHNA,ဘအန,3,Kayin,ကရင်ပြည်နယ်,ဘားအံ,Hpa-An
HSADONE,HSA DONE,ဆဒုံး,SADANA,ဆဒန,1,Kachin,ကချင်ပြည်နယ်,ဆဒုံး,Sadung
HSAW,HSAW,ဆော,SAMANA,ဆမန,8,Magway,မကွေးတိုင်းဒေသကြီး,ဆော,Saw
HSIHSENG,HSI HSENG,ဆီဆိုင်,SASANA,ဆဆန,13,Shan,ရှမ်းပြည်နယ်,ဆီဆိုင်,Hsihseng
HSIPAW,HSI PAW,သီပေါ,THAPANA,သပန,13,Shan,ရှမ်းပြည်နယ်,သီပေါ,Hsipaw
HTANPARKWAY,HTAN PAR KWAY,ထန်ပါခွေ,HTAPAKHA,ထပခ,5,Sagaing,စစ်ကိုင်းတိုင်းဒေသကြီး,ထန်ပါခွေ,Htan Par Kway
HTANTABIN,HTAN TA BIN,ထန်းတပင်,HTATAPA,ထတပ,12,Yangon,ရန်ကုန်တိုင်းဒေသကြီး,ထန်းတပင်,Htantabin
HTANTALANG,HTAN TA LANG,ထန်တလန်,HTATALA,ထတလ,4,Chin,ချင်းပြည်နယ်,ထန်တလန်,Thantlang
HTANTAPIN,HTAN TA PIN,ထန်းတပင်,HTATAPA,ထတပ,7,Bago,ပဲခူးတိုင်းဒေသကြီး,ထန်းတပင်,Htantabin
HTIGYAING,HTI GYAING,ထီးချိုင့်,HTAKHANA,ထခန,5,Sagaing,စစ်ကိုင်းတိုင်းဒေသကြီး,ထီးချိုင့်,Tigyaing
HTILIN,HTI LIN,ထီးလင်း,HTALANA,ထလန,8,Magway,မကွေးတိုင်းဒေသကြီး,ထီးလင်း,Tilin
INDAW,IN DAW-SAGAING,အင်းတော်,AHTANA,အတန,5,Sagaing,စစ်ကိုင်းတိုင်းဒေသကြီး,အင်းတော်,Indaw
INDAW-SHAN,IN DAW-SHAN,အင်းတော်,AHTANA,အတန,13,Shan,ရှမ်းပြည်နယ်,အင်တော,In Daw-Shan
INGAPU,IN GA PU,အင်္ဂပူ,AHGAPA,အဂပ,14,Ayeyarwady,ဧရာဝတီတိုင်းဒေသကြီး,အင်္ဂပူ,Ingapu
INGYANYAN,ING YAN YAN,အင်ဂျန်းယန်,AHGAYA,အဂယ,1,Kachin,ကချင်ပြည်နယ်,အင်ဂျန်းယန်,Injangyang
INSEIN,INSEIN,အင်းစိန်,AHSANA,အစန,12,Yangon,ရန်ကုန်တိုင်းဒေသကြီး,အင်းစိန်,Insein
KALAW,KA LAW,က‌လော,KALANA,ကလန,13,Shan,ရှမ်းပြည်နယ်,ကလော,Ka Law
KALAY,KA LAY,ကလေး,KALAHTA,ကလထ,5,Sagaing,စစ်ကိုင်းတိုင်းဒေသကြီး,ကလေး,Kale
KALEINAUNG,KA LEIN AUNG,ကလိန်အောင်,KALAAH,ကလအ,6,Tanintharyi,တနင်္သာရီတိုင်းဒေသကြီး,ကလိန်အောင်,Kaleinaung
KAMAMAUNG,KA MA MAUNG,ကမမောင်,KAMAMA,ကမမ,3,Kayin,ကရင်ပြည်နယ်,ကမမောင်း,Ka Ma Maung
KAMAYUT,KA MA YUT,ကမာရွတ်,KAMAYA,ကမရ,12,Yangon,ရန်ကုန်တိုင်းဒေသကြီး,ကမာရွတ်,Kamaryut
KAMINE,KA MINE,ကာမိုင်း,KAMATA,ကမတ,1,Kachin,ကချင်ပြည်နယ်,ကာမိုင်း,Kamaing
KARATHURI,KA RA THU RI,ကရသုရိ,KAYAYA,ကရရ,6,Tanintharyi,တနင်္သာရီတိုင်းဒေသကြီး,ကရသူရိ,Ka Ra Thu Ri
KATHA,KA THA,ကသာ,KATHANA,ကသန,5,Sagaing,စစ်ကိုင်းတိုင်းဒေသကြီး,ကသာ,Katha
KAWA,KA WA,ကဝ,KAWANA,ကဝန,7,Bago,ပဲခူးတိုင်းဒေသကြီး,ကဝ,Kawa
KALEWA,KALEWA,ကလေးဝ,KALAWA,ကလ၀,5,Sagaing,စစ်ကိုင်းတိုင်းဒေသကြီး,ကလေးဝ,Kalewa
KAMBALU,KAM BA LU,ကန့်ဘလူ,KABALA,ကဘလ,5,Sagaing,စစ်ကိုင်းတိုင်းဒေသကြီး,ကန့်ဘလူ,Kanbalu
KAMMA,KAM MA,ကံမ,KAMANA,ကမန,8,Magway,မကွေးတိုင်းဒေသကြီး,ကံမ,Kamma
KANGYIDAUNT,KAN GYI DAUNT,ကန်ကြီးထောင့်,KAKAHTA,ကကထ,14,Ayeyarwady,ဧရာဝတီတိုင်းဒေသကြီး,ကန်ကြီးထောင့်,Kangyidaunt
KANPALET,KAN PA LET,ကန်ပက်လက်,KAPALA,ကပလ,4,Chin,ချင်းပြည်နယ်,ကန်ပက်လက်,Kanpetlet
KANYEIKTI,KAN YEIK TI,ကမ်ပတီ,KAPATA,ကပတ,1,Kachin,ကချင်ပြည်နယ်,ကန်ပိုက်တီ,Kan Yeik Ti
KANI,KANI,ကနီ,KANANA,ကနန,5,Sagaing,စစ်ကိုင်းတိုင်းဒေသကြီး,ကနီ,Kani
KARLI,KARLI,ကာလီ,KALADA,ကလဒ,13,Shan,ရှမ်းပြည်နယ်,ကာလိ,Karli
KAWHMU,KAW HMU,ကော့မှူး,KAMANA,ကမန,12,Yangon,ရန်ကုန်တိုင်းဒေသကြီး,ကော့မှူး,Kawhmu
KAWKAREIK,KAW KA REIK,ကော့ကရိတ်,KAKAYA,ကကရ,3,Kayin,ကရင်ပြည်နယ်,ကော့ကရိတ်,Kawkareik
KAWTHOUNG,KAW THOUNG,ကော့သောင်း,KATHANA,ကသန,6,Tanintharyi,တနင်္သာရီတိုင်းဒေသကြီး,ကော့သောင်း,Kawthoung
KAWLIN,KAWLIN,ကောလင်း,KALATA,ကလတ,5,Sagaing,စစ်ကိုင်းတိုင်းဒေသကြီး,ကောလင်း,Kawlin
KAYTUMATI,KAY TU MA TI,ကေတုမတီ,KATATA,ကတတ,7,Bago,ပဲခူးတိုင်းဒေသကြီး,ကေတုမတီ,Kaytumati
KEHSI,KEHSI,ကျေးသီ,KATHANA,ကသန,13,Shan,ရှမ်းပြည်နယ်,ကျေးသီး,Kehsi
KENGLAT,KENG LAT,ကျိုင်းလပ်,KALAHTA,ကလထ,13,Shan,ရှမ်းပြည်နယ်,ကျိုင်းလပ်,Kenglat
KENGTAUNG,KENG TAUNG,ကျိုင်းတောင်း,KATATA,ကတတ,13,Shan,ရှမ်းပြည်နယ်,ကျိုင်းတောင်း,Kengtawng
KENGTUNG,KENG TUNG,ကျိုင်းတုံ,KATANA,ကတန,13,Shan,ရှမ်းပြည်နယ်,ကျိုင်းတုံ,Kengtung
KHAMAUKKYI,KHA MAUK KYI,ခမောက်ကြီး,KHAMAKA,ခမက,6,Tanintharyi,တနင်္သာရီတိုင်းဒေသကြီး,ခမောက်ကြီး,Khamaukgyi
KHAMPAT,KHAM PAT,ခမ်းပတ်,KHAPANA,ခပန,5,Sagaing,စစ်ကိုင်းတိုင်းဒေသကြီး,ခါမ်းပါတ်,Kham Pat
KHAUNGLANPHOO,KHAUNG LAN PHOO,ခေါင်လန်ဖူး,KHALAPHA,ခလဖ,1,Kachin,ကချင်ပြည်နယ်,ခေါင်လန်ဖူး,Khaunglanhpu
KHAWBUDAE,KHAW BU DAE,ခေါ်ဘူဒဲ,KHABADA,ခဘဒ,1,Kachin,ကချင်ပြည်နယ်,ခေါ်ဘူဒဲ,Hkawbude
KHAWZAR,KHAW ZAR,ခေါဇာ,KHAZANA,ခဇန,10,Mon,မွန်ပြည်နယ်,ခေါဇာ,Khawzar
KHAYAN,KHAYAN,ခရမ်း,KHAYANA,ခရန,12,Yangon,ရန်ကုန်တိုင်းဒေသကြီး,ခရမ်း,Kayan
KHINU,KHIN U,ခင်ဦး,KHAOUNA,ခဥန,5,Sagaing,စစ်ကိုင်းတိုင်းဒေသကြီး,ခင်ဦး,Khin-U
KHOLAN,KHO LAN,ခိုလန်,KHALANA,ခလန,13,Shan,ရှမ်းပြည်နယ်,ခိုလမ်,Kho Lan
KONGYAN,KON GYAN,ကွမ်းယန်,KAKANA,ကကန,13,Shan,ရှမ်းပြည်နယ်,ကုန်းကြမ်း,Kon Gyan
KUME,KU ME,ကူမဲ,KAMANA,ကမန,9,Mandalay,မန္တလေးတိုင်းဒေသကြီး,ကူမဲ,Ku Me
KUNGYANGON,KUN GYAN GON,ကွမ်းခြံကုန်း,KAKHAKA,ကခက,12,Yangon,ရန်ကုန်တိုင်းဒေသကြီး,ကွမ်းခြံကုန်း,Kungyangon
KUNHING,KUN HING,ကွန်ဟိန်း,KAHANA,ကဟန,13,Shan,ရှမ်းပြည်နယ်,ကွန်ဟိန်း,Kunhing
KUNLON,KUN LON,ကွမ်းလုံ,KALATA,ကလတ,13,Shan,ရှမ်းပြည်နယ်,ကွမ်းလုံ,Kunlong
KUTKAI,KUT KAI,ကွက်ခိုင်,KAKHANA,ကခန,13,Shan,ရှမ်းပြည်နယ်,ကွတ်ခိုင်,Kut Kai
KYAIDON,KYAI DON,ကျုံဒိုး,KADANA,ကဒန,3,Kayin,ကရင်ပြည်နယ်,ကျုံဒိုး,Kyondoe
KYAIKKHAMI,KYAIK KHA MI,ကျိုက်ခမီ,KAKHAMA,ကခမ,10,Mon,မွန်ပြည်နယ်,ကျိုက္ခမီ,Kyaik Kha Mi
KYAIKLATT,KYAIK LATT,ကျိုက်လတ်,KALANA,ကလန,14,Ayeyarwady,ဧရာဝတီတိုင်းဒေသကြီး,ကျိုက်လတ်,Kyaiklat
KYAIKTO,KYAIK TO,ကျိုက်ထို,KAHTANA,ကထန,10,Mon,မွန်ပြည်နယ်,ကျိုက်ထို,Kyaikto
KYAIKEMARAW,KYAIKE MA RAW,ကျိုက်မရော,KAMAYA,ကမရ,10,Mon,မွန်ပြည်နယ်,ကျိုက်မရော,Kyaikmaraw
KYANGIN,KYANGIN,ကြံခင်း,KAKHANA,ကခန,14,Ayeyarwady,ဧရာဝတီတိုင်းဒေသကြီး,ကြံခင်း,Kyangin
KYARINSEIKKYI,KYAR IN SEIK KYI,ကြာအင်းဆိပ်ကြီး,KASAKA,ကဆက,3,Kayin,ကရင်ပြည်နယ်,ကြာအင်းဆိပ်ကြီး,Kyainseikgyi
KYAUKHTU,KYAUK HTU,ကျောက်ထု,KAHTANA,ကထန,8,Magway,မကွေးတိုင်းဒေသကြီး,ကျောက်ထု,Kyaukhtu
KYAUKKYI,KYAUK KYI,ကျောက်ကြီး,KAKANA,ကကန,7,Bago,ပဲခူးတိုင်းဒေသကြီး,ကျောက်ကြီး,Kyaukkyi
KYAUKME,KYAUK ME,ကျောက်မဲ,KAMANA,ကမန,13,Shan,ရှမ်းပြည်နယ်,ကျောက်မဲ,Kyaukme
KYAUKPADAUNG,KYAUK PA DAUNG,ကျောက်ပန်းတောင်း,KAPATA,ကပတ,9,Mandalay,မန္တလေးတိုင်းဒေသကြီး,ကျောက်ပန်းတောင်း,Kyaukpadaung
KYAUKPYU,KYAUK PYU,ကျောက်ဖြူ,KAPHANA,ကဖန,11,Rakhine,ရခိုင်ပြည်နယ်,ကျောက်ဖြူ,Kyaukpyu
KYAUKSE,KYAUK SE,ကျောက်ဆည်,KASANA,ကဆန,9,Mandalay,မန္တလေးတိုင်းဒေသကြီး,ကျောက်ဆည်,Kyaukse
KYAUKTADA,KYAUK TA DA,ကျောက်တံတား,KATATA,ကတတ,12,Yangon,ရန်ကုန်တိုင်းဒေသကြီး,ကျောက်တံတား,Kyauktada
KYAUKTAGA,KYAUK TA GA,ကျောက်တံခါး,KATAKHA,ကတခ,7,Bago,ပဲခူးတိုင်းဒေသကြီး,ကျောက်တံခါး,Kyauktaga
KYAUKTALONGYI,KYAUK TA LON GYI,ကျောက်တလုံးကြီး,KATALA,ကတလ,13,Shan,ရှမ်းပြည်နယ်,ကျောက်တလုံးကြီး,Kyauktalonegyi
KYAUKTAN,KYAUK TAN,ကျောက်တန်း,KATANA,ကတန,12,Yangon,ရန်ကုန်တိုင်းဒေသကြီး,ကျောက်တန်း,Kyauktan
KYAUKTAW,KYAUK TAW,ကျောက်တော်,KATANA,ကတန,11,Rakhine,ရခိုင်ပြည်နယ်,ကျောက်တော်,Kyauktaw
KYAUKMYAUNG-SAGAING,KYAUKMYAUNG-SAGAING,ကျောက်မြောင်း,KAMANA,ကမန,5,Sagaing,စစ်ကိုင်းတိုင်းဒေသကြီး,ကျောက်မြောင်း,Kyauk Myaung
KYAUNGON,KYAUN GON,ကျောင်းကုန်း,KAKANA,ကကန,14,Ayeyarwady,ဧရာဝတီတိုင်းဒေသကြီး,ကျောင်းကုန်း,Kyaunggon
KYEINTALI,KYEI NTA LI,ကျိန္တလီ,KATALA,ကတလ,11,Rakhine,ရခိုင်ပြည်နယ်,ကျိန္တလီ,Kyeintali
KYIMYINDINE,KYI MYIN DINE,ကြည့်မြင်တိုင်,KAMATA,ကမတ,12,Yangon,ရန်ကုန်တိုင်းဒေသကြီး,ကြည့်မြင်တိုင်,Kyeemyindaing
KYONPYAW,KYON PYAW,ကျုံပျော်,KAPANA,ကပန,14,Ayeyarwady,ဧရာဝတီတိုင်းဒေသကြီး,ကျုံပျော်,Kyonpyaw
KYUNSU,KYUN SU,ကျွန်းစု,KASANA,ကစန,6,Tanintharyi,တနင်္သာရီတိုင်းဒေသကြီး,ကျွန်းစု,Kyunsu
KYUNHLA,KYUNHLA,ကျွန်းလှ,KALANA,ကလန,5,Sagaing,စစ်ကိုင်းတိုင်းဒေသကြီး,ကျွန်းလှ,Kyunhla
LABUTTA,LA BUT TA,လပတ္တာ,LAPATA,လပတ,14,Ayeyarwady,ဧရာဝတီတိုင်းဒေသကြီး,လပွတ္တာ,La But Ta
LAMINE,LA MINE,လမိုင်း,LAMANA,လမန,10,Mon,မွန်ပြည်နယ်,လမိုင်း,Lamaing
LAHE,LAHE,လေဟေ,LAHANA,လဟန,5,Sagaing,စစ်ကိုင်းတိုင်းဒေသကြီး,လဟယ်,Lahe
LANMADAW,LAN MA DAW,လမ်းမတော်,LAMATA,လမတ,12,Yangon,ရန်ကုန်တိုင်းဒေသကြီး,လမ်းမတော်,Lanmadaw
LASHIO,LASHIO,လားရှိုး,LAYANA,လရန,13,Shan,ရှမ်းပြည်နယ်,လားရှိုး,Lashio
LATHA,LATHA,လသာ,LATHANA,လသန,12,Yangon,ရန်ကုန်တိုင်းဒေသကြီး,လသာ,Latha
LAUKINE,LAU KINE,လောက်ကိုင်,LAKANA,လကန,13,Shan,ရှမ်းပြည်နယ်,လောက်ကိုင်,Laukkaing
LAYMYETHNA,LAY MYETH NA,လေးမျက်နှာ,LAMANA,လမန,14,Ayeyarwady,ဧရာဝတီတိုင်းဒေသကြီး,လေးမျက်နှာ,Lemyethna
LECHAR,LE CHAR,လဲချား,LAKHANA,လခန,13,Shan,ရှမ်းပြည်နယ်,လဲချား,Laihka
LESHI,LE SHI,လေရှီး,LAYANA,လရန,5,Sagaing,စစ်ကိုင်းတိုင်းဒေသကြီး,လေရှီး,Lay Shi
LEIKTHO,LEIKTHO,လိပ်သို,LATHANA,လသန,3,Kayin,ကရင်ပြည်နယ်,လိပ်သို,Leik Tho
LETPADAN,LET PA DAN,လက်ပံတန်း,LAPATA,လပတ,7,Bago,ပဲခူးတိုင်းဒေသကြီး,လက်ပံတန်း,Letpadan
LEWE,LEWE,လယ်ဝေး,LAWANA,လဝန,9,Mandalay,မန္တလေးတိုင်းဒေသကြီး,လယ်ဝေး,Lewe
LINKHE,LIN KHE,လင်ခေး,LAKHATA,လခတ,13,Shan,ရှမ်းပြည်နယ်,လင်းခေး,Lin Khe
LOIKAW,LOI KAW,လွိုင်ကော်,LAKANA,လကန,2,Kayah,ကယားပြည်နယ်,လွိုင်ကော်,Loikaw
LOILIN,LOILIN,လွိုင်လင်,LALANA,လလန,13,Shan,ရှမ်းပြည်နယ်,လွိုင်လင်,Loilen
LOUNGLON,LOUNG LON,လောင်းလုံ,LALANA,လလန,6,Tanintharyi,တနင်္သာရီတိုင်းဒေသကြီး,လောင်းလုံး,Loung Lon
LWEGE,LWE GE,လွယ်ဂေ,LAGANA,လဂန,1,Kachin,ကချင်ပြည်နယ်,လွယ်ဂျယ်,Lwe Ge
MABANE,MA BANE,မဘိန်း,MABANA,မဘန,13,Shan,ရှမ်းပြည်နယ်,မဘိမ်း,Ma Bane
MACHANBAW,MA CHAN BAW,မချမ်းဘော,MAKHABA,မခဘ,1,Kachin,ကချင်ပြည်နယ်,မချမ်းဘော,Machanbaw
MADAYA,MA DA YA,မတ္တရာ,MATAYA,မတရ,9,Mandalay,မန္တလေးတိုင်းဒေသကြီး,မတ္တရာ,Madaya
MADAUNK,MA DAUNK,မဒေါက်,MADANA,မဒန,7,Bago,ပဲခူးတိုင်းဒေသကြီး,မဒေါက်,Madauk
MAGWAY,MA GWAY,မကွေး,MAKANA,မကန,8,Magway,မကွေးတိုင်းဒေသကြီး,မကွေး,Magway
MAHAAUNGMYE,MA HA AUNG MYE,မဟာအောင်မြေ,MAHAMA,မဟမ,9,Mandalay,မန္တလေးတိုင်းဒေသကြီး,မဟာအောင်မြေ,Mahaaungmyay
MAHLAING,MA HLAING,မလှိုင်,MALANA,မလန,9,Mandalay,မန္တလေးတိုင်းဒေသကြီး,မလှိုင်,Mahlaing
MATUPI,MA TU PI,မတူပီ,MATAPA,မတပ,4,Chin,ချင်းပြည်နယ်,မတူပီ,Matupi
MAUBIN,MA U BIN,မအူပင်,MAAHPA,မအပ,14,Ayeyarwady,ဧရာဝတီတိုင်းဒေသကြီး,မအူပင်,Maubin
MAEI,MAEI,မအီ,MAAHTA,မအတ,11,Rakhine,ရခိုင်ပြည်နယ်,မအီ,Ma-Ei
MAKMAN,MAK MAN,မက်မန်း,MAMANA,မမန,13,Shan,ရှမ်းပြည်နယ်,မက်မန်း,Matman
MANHERO,MAN HE RO,မဟီရိုး,MAHAYA,မဟရ,13,Shan,ရှမ်းပြည်နယ်,မန်ဟျိုး (မန်ဟီးရိုး),Man He Ro
MANPHANT,MAN PHANT,မန်ဖန့်,MAPHATA,မဖတ,13,Shan,ရှမ်းပြည်နယ်,မန်ဖန့်,Manhpant
MANSI,MAN SI,မံစီ,MASANA,မစန,1,Kachin,ကချင်ပြည်နယ်,မံစီ,Mansi
MANTON,MAN TON,မန်တုံ,MATATA,မတတ,13,Shan,ရှမ်းပြည်နယ်,မန်တုံ,Manton
MANKAN,MANKAN,မန္ကန္,MAKAHTA,မကထ,13,Shan,ရှမ်းပြည်နယ်,မန်ကန်,Mankan
MANNAUNG,MANN AUNG,မာန်အောင်,MAAHNA,မအန,11,Rakhine,ရခိုင်ပြည်နယ်,မာန်အောင်,Munaung
MAUKME,MAUK ME,မောက်မယ်,MAMANA,မမန,13,Shan,ရှမ်းပြည်နယ်,မောက်မယ်,Mawkmai
MAWHTIKE,MAW HTIKE,မော်ထိုက်,MAHTATA,မထတ,13,Shan,ရှမ်းပြည်နယ်,မော်ထိုက်,Maw Hteik
MAWLAMYINE,MAW LA MYINE,မော်လမြိုင်,MALAMA,မလမ,10,Mon,မွန်ပြည်နယ်,မော်လမြိုင်,Mawlamyine
MAWLAIK,MAWLAIK,မော်လိုက်,MALANA,မလန,5,Sagaing,စစ်ကိုင်းတိုင်းဒေသကြီး,မော်လိုက်,Mawlaik
MAWLAMYINEGYUN,MAWLAMYINEGYUN,မော်လမြိုင်ကျွန်း,MAMAKA,မမက,14,Ayeyarwady,ဧရာဝတီတိုင်းဒေသကြီး,မော်လမြိုင်ကျွန်း,Mawlamyinegyun
MAYANGON,MAYAN GON,မရမ်းကုန်း,MAYAKA,မရက,12,Yangon,ရန်ကုန်တိုင်းဒေသကြီး,မရမ်းကုန်း,Mayangone
MEIKTILA,MEI KTI LA,မိတ္ထီလာ,MAHTALA,မထလ,9,Mandalay,မန္တလေးတိုင်းဒေသကြီး,မိတ္ထီလာ,Meiktila
MEISI,MEISI,မယ်စီ,MASANA,မစန,2,Kayah,ကယားပြည်နယ်,မယ်စဲ,Meisi
MINBU,MIN BU,မင်းဘူး,MABANA,မဘန,8,Magway,မကွေးတိုင်းဒေသကြီး,မင်းဘူး,Minbu
MINBYA,MIN BYA,မင်းပြား,MAPANA,မပန,11,Rakhine,ရခိုင်ပြည်နယ်,မင်းပြား,Minbya
MINGALADON,MIN GA LA DON,မင်္ဂလာဒုံ,MAGADA,မဂဒ,12,Yangon,ရန်ကုန်တိုင်းဒေသကြီး,မင်္ဂလာဒုံ,Mingaladon
MINHLA-THAYAWADY,MIN HLA,မင်းလှ,MALANA,မလန,7,Bago,ပဲခူးတိုင်းဒေသကြီး,မင်းလှ,Minhla
MINHLA-MAGWAY,MIN HLA-MAGWAY,မင်းလှ,MALANA,မလန,8,Magway,မကွေးတိုင်းဒေသကြီး,မင်းလှ,Minhla
MINKIN,MIN KIN,မင်းကင်း,MAKANA,မကန,5,Sagaing,စစ်ကိုင်းတိုင်းဒေသကြီး,မင်းကင်း,Mingin
MINTONE,MIN TONE,မင်းတုန်း,MATANA,မတန,8,Magway,မကွေးတိုင်းဒေသကြီး,မင်းတုန်း,Mindon
MINDAT,MINDAT,မင်းတပ်,MATANA,မတန,4,Chin,ချင်းပြည်နယ်,မင်းတပ်,Mindat
MINE HTONE,MINE HTONE,မိုင်းထုံ,MAHTANA,မထန,13,Shan,ရှမ်းပြည်နယ်,မုံးထ,Mine Htone
MINEKAT,MINE KAT,မိုင်းခပ်,MAKHANA,မခန,13,Shan,ရှမ်းပြည်နယ်,မိုင်းခတ်,Mine Kat
MINE KOKE,MINE KOKE,မိုင်းခုတ်,MAKHATA,မခတ,13,Shan,ရှမ်းပြည်နယ်,မိုင်းခုတ်,Mongkhoke
MINEKOKE,MINE KOKE,မိုင်းကော,MAKANA,မကန,13,Shan,ရှမ်းပြည်နယ်,မိုင်းကာ,Mine Koke
MINELAR,MINE LAR,မိုင်းလား,MALANA,မလန,13,Shan,ရှမ်းပြည်နယ်,မိုင်းလား,Mongla
MINELON,MINE LON,မိုင်းလုံ,MALATA,မလတ,13,Shan,ရှမ်းပြည်နယ်,မိုင်းလုံ,Monglon
MINEMAW,MINE MAW,မိုင်းမော,MAMAHTA,မမထ,13,Shan,ရှမ်းပြည်နယ်,မိုင်းမော,Mong Maoe
MINENAUNG,MINE NAUNG,မိုင်းနောင်,MANATA,မနန,13,Shan,ရှမ်းပြည်နယ်,မိုင်းနောင်,Mongnawng
MINENGAW,MINE NGAW,မိုင်းငေါ,MANGANA,မငန,13,Shan,ရှမ်းပြည်နယ်,မိုင်းငေါ့,Mine Ngaw
MINEPAUK,MINE PAUK,မိုင်းပေါက်,MAPAHTA,မပထ,13,Shan,ရှမ်းပြည်နယ်,မိုင်းပေါက်,Mong Pawk
MINEPHYAT,MINE PHYAT,မိုင်းဖြတ်,MAPHANA,မဖန,13,Shan,ရှမ်းပြည်နယ်,မိုင်းဖြတ်,Monghpyak
MINEPYIN,MINE PYIN,မိုင်းပျင်,MAPATA,မပတ,13,Shan,ရှမ်းပြည်နယ်,မိုင်းပျဉ်း,Mine Pyin
MINESAT,MINE SAT,မိုင်းဆတ်,MASANA,မဆန,13,Shan,ရှမ်းပြည်နယ်,မိုင်းဆတ်,Monghsat
MINETONE,MINE TONE,မိုင်းတုံ,MATANA,မတန,13,Shan,ရှမ်းပြည်နယ်,မိုင်းတုံ,Mongton
MINE YAL,MINE YAL,မိုင်းရယ်,MARATA,မရတ,13,Shan,ရှမ်းပြည်နယ်,မိုင်းရယ်,Mongyai
MINEYAN,MINE YAN,မိုင်းယန်,MAYANA,မယန,13,Shan,ရှမ်းပြည်နယ်,မိုင်းယန်း,Mine Yan
MINE YAUNG,MINE YAUNG,မိုင်းယောင်း,MAYAHTA,မယထ,13,Shan,ရှမ်းပြည်နယ်,မိုင်းယောင်း,Mongyawng
MINEYAUNG,MINE YAUNG,မိုင်းယောင်း,MAYATA,မယတ,13,Shan,ရှမ်းပြည်နယ်,မိုင်းယောင်း,Mongyawng
MINEYE,MINE YE,မိုင်းရယ်,MAYANA,မရန,13,Shan,ရှမ်းပြည်နယ်,မိုင်းရယ်,Mongyai
MINEPAN,MINEPAN,မိုင်းပန်,MAPANA,မပန,13,Shan,ရှမ်းပြည်နယ်,မိုင်းပန်,Mongpan
MINESAN-MONSAN,MINESAN-MONSAN,မိုင်းစံ,MASATA,မစတ,13,Shan,ရှမ်းပြည်နယ်,မိုင်းစံ (မုန်းဆန်း),Minesan-Monsan
MINESHU,MINESHU,မိုင်းရှူး,MAYANA,မရန,13,Shan,ရှမ်းပြည်နယ်,မိုင်းရှူး,Monghsu
MINGALATAUNGNYUNT,MINGALA TAUNG NYUNT,မင်္ဂလာ‌တောင်ညွန့်,MAGATA,မဂတ,12,Yangon,ရန်ကုန်တိုင်းဒေသကြီး,မင်္ဂလာတောင်ညွန့်,Mingala Taung Nyunt
MINMU,MINMU,မြင်းမူ,MAMATA,မမတ,5,Sagaing,စစ်ကိုင်းတိုင်းဒေသကြီး,မြင်းမူ,Myinmu
MOGAUNG,MO GAUNG,မိုးကောင်း,MAKATA,မကတ,1,Kachin,ကချင်ပြည်နယ်,မိုးကောင်း,Mogaung
MOMEIK,MO MEIK,မိုးမိတ်,MAMATA,မမတ,13,Shan,ရှမ်းပြည်နယ်,မိုးမိတ်,Mongmit
MOMAUK,MOE MAUK,မိုးမောက်,MAMANA,မမန,1,Kachin,ကချင်ပြည်နယ်,မိုးမောက်,Momauk
MOGOK,MOGOK,မိုးကုတ်,MAKANA,မကန,9,Mandalay,မန္တလေးတိုင်းဒေသကြီး,မိုးကုတ်,Mogoke
MOHNYIN,MOH NYIN,မိုးညှင်း,MANYANA,မညန,1,Kachin,ကချင်ပြည်နယ်,မိုးညှင်း,Mohnyin
MONYWA,MON YWA,မုံရွာ,MAYANA,မရန,5,Sagaing,စစ်ကိုင်းတိုင်းဒေသကြီး,မုံရွာ,Monywa
MONE,MONE,မိုးနဲ,MANANA,မနန,13,Shan,ရှမ်းပြည်နယ်,မိုးနဲ,Mongnai
MONEKOE,MONE KOE,မုန်းကိုး,MAKATA,မကတ,13,Shan,ရှမ်းပြည်နယ်,မုန်းကိုး,Monekoe
MONYO,MONYO,မိုးညို,MANYANA,မညန,7,Bago,ပဲခူးတိုင်းဒေသကြီး,မိုးညို,Monyo
MOPINE LOOT,MOPINE LOOT,မိုပိုင်းလွတ်,MAPALA,မပလ,5,Sagaing,စစ်ကိုင်းတိုင်းဒေသကြီး,မိုပိုင်းလွတ်,Mo Paing Lut
MUDON,MUDON,မုဒုံ,MADANA,မဒန,10,Mon,မွန်ပြည်နယ်,မုဒုံ,Mudon
MUSE,MUSE,မူဆယ်,MASATA,မဆတ,13,Shan,ရှမ်းပြည်နယ်,မူဆယ်,Muse
MYAWADY,MYA WA DY,မြဝတီ,MAWATA,မဝတ,3,Kayin,ကရင်ပြည်နယ်,မြဝတီ,Myawaddy
MYAING,MYAING,မြိုင်,MAMANA,မမန,8,Magway,မကွေးတိုင်းဒေသကြီး,မြိုင်,Myaing
MYANAUNG,MYAN AUNG,မြန်အောင်,MAAHNA,မအန,14,Ayeyarwady,ဧရာဝတီတိုင်းဒေသကြီး,မြန်အောင်,Myanaung
MYAUKU,MYAUK U,မြောက်ဦး,MAOUNA,မဥန,11,Rakhine,ရခိုင်ပြည်နယ်,မြောက်ဦး,Mrauk-U
MYAUNG,MYAUNG,မြောင်,MAMANA,မမန,5,Sagaing,စစ်ကိုင်းတိုင်းဒေသကြီး,မြောင်,Myaung
MYAUNGMYA,MYAUNGMYA,မြောင်းမြ,MAMANA,မမန,14,Ayeyarwady,ဧရာဝတီတိုင်းဒေသကြီး,မြောင်းမြ,Myaungmya
MYEBON,MYE BON,မြေပုံ,MAPATA,မပတ,11,Rakhine,ရခိုင်ပြည်နယ်,မြေပုံ,Myebon
MYEIK,MYEIK,မြိတ်,MAMANA,မမန,6,Tanintharyi,တနင်္သာရီတိုင်းဒေသကြီး,မြိတ်,Myeik
MYINGYAN,MYIN GYAN,မြင်းခြံ,MAKHANA,မခန,9,Mandalay,မန္တလေးတိုင်းဒေသကြီး,မြင်းခြံ,Myingyan
MYITKYINA,MYIT KYI NA,မြစ်ကြီးနား,MAKANA,မကန,1,Kachin,ကချင်ပြည်နယ်,မြစ်ကြီးနား,Myitkyina
MYITTA,MYIT TA,မေတာ,MATANA,မတန,6,Tanintharyi,တနင်္သာရီတိုင်းဒေသကြီး,မေတ္တာ,Myit Ta
MYITTHAR,MYIT THAR,မြစ်သား,MATHANA,မသန,9,Mandalay,မန္တလေးတိုင်းဒေသကြီး,မြစ်သား,Myittha
MYOTHIT-MAGWAY,MYO THIT-MAGWAY,မြို့သစ်,MATHANA,မသန,8,Magway,မကွေးတိုင်းဒေသကြီး,မြို့သစ်,Myothit
MYOTHIT-SAGAING,MYO THIT-SAGAING,မြို့သစ်,MATHANA,မသန,5,Sagaing,စစ်ကိုင်းတိုင်းဒေသကြီး,မြို့သစ်,Myothit
MYOHLAMYO,MYOHLAMYO,မြို့လှမြို့,MALANA,မလန,1,Kachin,ကချင်ပြည်နယ်,မြို့လှ,Myohlamyo
NAMTU,NA M TU,နမ္မတူ,NAMATA,နမတ,13,Shan,ရှမ်းပြည်နယ်,နမ္မတူ,Namtu
NAPHANG,NA PHANG,နားဖန့်,NAPHANA,နဖန,13,Shan,ရှမ်းပြည်နယ်,နားဖန်,Na Phang
NATOGYI,NA TO GYI,နွားထိုးကြီး,NAHTAKA,နထက,9,Mandalay,မန္တလေးတိုင်းဒေသကြီး,နွားထိုးကြီး,Natogyi
NAMKHAM,NAM KHAM,နန့်ခမ်း,NAKHANA,နခန,13,Shan,ရှမ်းပြည်နယ်,နမ့်ခမ်း,Nam Kham
NANYUN,NAN YUN,နန်းယွန်း,NAYANA,နယန,5,Sagaing,စစ်ကိုင်းတိုင်းဒေသကြီး,နန်းယွန်း,Nanyun
NANHSAM-NORTH,NANHSAM-NORTH,နမ့်ဆန်,NAHSANA,နဆန,13,Shan,ရှမ်းပြည်နယ်,နမ့်ဆန်,Namhsan
NATMAUK,NAT MAUK,နတ်မောက်,NAMANA,နမန,8,Magway,မကွေးတိုင်းဒေသကြီး,နတ်မောက်,Natmauk
NATTALIN,NAT TA LIN,နတ်တလင်း,NATALA,နတလ,7,Bago,ပဲခူးတိုင်းဒေသကြီး,နတ်တလင်း,Nattalin
NAUNGKHIO,NAUNG KHIO,နောင်ချို,NAKHATA,နခတ,13,Shan,ရှမ်းပြည်နယ်,နောင်ချို,Nawnghkio
NAUNGMOON,NAUNG MOON,နောင်မွန်း,NAMANA,နမန,1,Kachin,ကချင်ပြည်နယ်,နောင်မွန်း,Nawngmun
NAUNGTAYAR,NAUNG TA YAR,နောင်တရား,NATAYA,နတရ,13,Shan,ရှမ်းပြည်နယ်,နောင်တရား,Naungtayar
NGAPHAE,NGA PHAE,ငဖဲ,NGAPHANA,ငဖန,8,Magway,မကွေးတိုင်းဒေသကြီး,ငဖဲ,Ngape
NGAPUTAW,NGA PU TAW,ငပုတော,NGAPATA,ငပတ,14,Ayeyarwady,ဧရာဝတီတိုင်းဒေသကြီး,ငပုတော,Ngapudaw
NGATHAYAUK,NGA THA YAUK,ငါးသရောက်,NGATHAYA,ငသရ,9,Mandalay,မန္တလေးတိုင်းဒေသကြီး,ငါ့သရောက်,Nga Tha Yauk
NGATHAINGCHAUNG,NGA THAING CHAUNG,ငါးသိုင်းချောင်း,NGATHAKHA,ငသခ,14,Ayeyarwady,ဧရာဝတီတိုင်းဒေသကြီး,ငသိုင်းချောင်း,Nga Thaing Chaung
NGAZUN,NGAN ZUN,ငါန်းဇွန်,NGAZANA,ငဇန,9,Mandalay,မန္တလေးတိုင်းဒေသကြီး,ငါန်းဇွန်,Ngazun
NGAYOKAUNG,NGAYOKAUNG,ငရုတ်ကောင်း,NGAYAKA,ငရက,14,Ayeyarwady,ဧရာဝတီတိုင်းဒေသကြီး,ငရုတ်ကောင်း,Ngayokekaung
NGWEHSAUNG,NGWE HSAUNG,ငွေဆောင်,NGASANA,ငဆန,14,Ayeyarwady,ဧရာဝတီတိုင်းဒေသကြီး,ငွေဆောင်,Ngwesaung
NORTHDAGON,NORTH DAGON,ဒဂုံမြို့သစ် (မြောက်),DAGAMA,ဒဂမ,12,Yangon,ရန်ကုန်တိုင်းဒေသကြီး,ဒဂုံမြို့သစ်(မြောက်ပိုင်း),North Dagon
NORTHOKKALAPA,NORTH OKKALAPA,မြောက်ဥက္ကလာ,OUKAMA,ဥကမ,12,Yangon,ရန်ကုန်တိုင်းဒေသကြီး,မြောက်ဥက္ကလာပ,North Okkalapa
NYAUNGDON,NYAUNG DON,ညောင်တုန်း,NYATANA,ညတန,14,Ayeyarwady,ဧရာဝတီတိုင်းဒေသကြီး,ညောင်တုန်း,Nyaungdon
NYAUNGLEBIN,NYAUNG LE BIN,ညောင်လေးပင်,NYALAPA,ညလပ,7,Bago,ပဲခူးတိုင်းဒေသကြီး,ညောင်လေးပင်,Nyaunglebin
NYAUNGSHWE,NYAUNG SHWE,ညောင်ရွှေ,NYAYANA,ညရန,13,Shan,ရှမ်းပြည်နယ်,ညောင်ရွှေ,Nyaungshwe
NYAUNGU,NYAUNG U,ညောင်ဦး,NYAOUNA,ညဥန,9,Mandalay,မန္တလေးတိုင်းဒေသကြီး,ညောင်ဦး,Nyaung-U
OATWIN,OA TWIN,အုတ်တွင်း,AHTANA,အတန,7,Bago,ပဲခူးတိုင်းဒေသကြီး,အုတ်တွင်း,Oktwin
OKPO,OKPO,အုတ်ဖို,AHPHANA,အဖန,7,Bago,ပဲခူးတိုင်းဒေသကြီး,အုတ်ဖို,Okpho
OTTARATHIRI,OT TA RA THIRI,ဥတ္တရသီရိ,AUTATHA,ဥတသ,9,Mandalay,မန္တလေးတိုင်းဒေသကြီး,ဥတ္တရသီရိ,Oke Ta Ra Thi Ri
PABEDAN,PA BE DAN,ပန်းဘဲတန်း,PABATA,ပဘတ,12,Yangon,ရန်ကုန်တိုင်းဒေသကြီး,ပန်းဘဲတန်း,Pabedan
PADAUNG,PA DAUNG,ပန်းတောင်း,PATANA,ပတန,7,Bago,ပဲခူးတိုင်းဒေသကြီး,ပန်းတောင်း,Padaung
PAKOKKU,PA KOK KU,ပခုက္ကူ,PAKHAKA,ပခက,8,Magway,မကွေးတိုင်းဒေသကြီး,ပခုက္ကူ,Pakokku
PALAUK,PA LAUK,ပလောက်,PALATA,ပလတ,6,Tanintharyi,တနင်္သာရီတိုင်းဒေသကြီး,ပလောက်,Palauk
PALETWA,PA LET WA,ပလက်ဝ,PALAWA,ပလဝ,4,Chin,ချင်းပြည်နယ်,ပလက်ဝ,Paletwa
PATHEINGYI,PA THEIN GYI,ပုသိမ်ကြီး,PATHAKA,ပသက,9,Mandalay,မန္တလေးတိုင်းဒေသကြီး,ပုသိမ်ကြီး,Patheingyi
PAYARTHONEZU,PA YAR THONE ZU,ဘုရားသုံးဆူ,BATHASA,ဘသဆ,3,Kayin,ကရင်ပြည်နယ်,ဘုရားသုံးဆူ,Hpayarthonesu
PAZUNTAUNG,PA ZUN TAUNG,ပုဇွန်တောင်,PAZATA,ပဇတ,12,Yangon,ရန်ကုန်တိုင်းဒေသကြီး,ပုဇွန်တောင်,Pazundaung
PAENWEKONE,PAE NWE KONE,ပဲနွယ်ကုန်း,PANAKA,ပနက,7,Bago,ပဲခူးတိုင်းဒေသကြီး,ပဲနွယ်ကုန်း,Penwegon
PAINGKYON,PAING KYON,ပိုင်ကျုံး,PAKANA,ပကန,3,Kayin,ကရင်ပြည်နယ်,ပိုင်ကျုံ,Paing Kyon
PALAE,PALAE,ပုလဲ,PALANA,ပလန,5,Sagaing,စစ်ကိုင်းတိုင်းဒေသကြီး,ပုလဲ,Pale
PALAW,PALAW,ပုလော,PALANA,ပလန,6,Tanintharyi,တနင်္သာရီတိုင်းဒေသကြီး,ပုလော,Palaw
PANLON,PAN LON,ပန်းလောင်,PALATA,ပလတ,13,Shan,ရှမ်းပြည်နယ်,ပန်လုံ,Pan Lon
PAN LAUNG,PAN LONG,ပန်လုံ,PALAHTA,ပလထ,13,Shan,ရှမ်းပြည်နယ်,ပန်လုံ,Pan Lon
PANNANDIN,PAN NAN DIN,ပန်နန်းဒင်,PANADA,ပနဒ,1,Kachin,ကချင်ပြည်နယ်,ပန်နန်းဒင်,Pannandin
PANTANAW,PAN TA NAW,ပန်းတနော်,PATANA,ပတန,14,Ayeyarwady,ဧရာဝတီတိုင်းဒေသကြီး,ပန်းတနော်,Pantanaw
PANWINE,PAN WINE,ပန်ဝိုင်း,PAWANA,ပဝန,13,Shan,ရှမ်းပြည်နယ်,ပန်ဝိုင်,Pan Wine
PANGLONG,PANG LONG,ပင်လုံ,PALANA,ပလန,13,Shan,ရှမ်းပြည်နယ်,ပင်လုံ,Pinlon
PANSAI,PANSAI(KYU KUTE),ပန်ဆိုင်း,PASATA,ပဆတ,13,Shan,ရှမ်းပြည်နယ်,ပန်ဆိုင်း (ကြူကုတ်),Pansai(Kyu Kute)
PANSAN-PANKHAM,PANSAN-PANKHAM,ပန်ဆန်း(PanKham),PASANA,ပဆန,13,Shan,ရှမ်းပြည်နယ်,ပန်ဆန်း (ပန်ခမ်း),Pansan-Pankham
PANSAUNG,PANSAUNG,ပန်ဆောင်း,PASANA,ပဆန,5,Sagaing,စစ်ကိုင်းတိုင်းဒေသကြီး,ပန်ဆောင်,Pansaung
PANWAR,PANWAR,ပန်ဝါ,PAWANA,ပ၀န,1,Kachin,ကချင်ပြည်နယ်,ပန်ဝါ,Pang War
PANYAN,PANYAN,ပန်ယန်း,PAYANA,ပယန,13,Shan,ရှမ်းပြည်နယ်,ပန်ယန်း,Pang Yang
PARSAUNG,PAR SAUNG,ဖားဆောင်း,PHASANA,ဖဆန,2,Kayah,ကယားပြည်နယ်,ဖားဆောင်း,Hpasawng
PAUK,PAUK,ပေါက်,PAMANA,ပမန,8,Magway,မကွေးတိုင်းဒေသကြီး,ပေါက်,Pauk
PAUKTAW,PAUK TAW,ပေါက်တော,PATANA,ပတန,11,Rakhine,ရခိုင်ပြည်နယ်,ပေါက်တော,Pauktaw
PAUKKHAUNG,PAUKKHAUNG,ပေါက်ခေါင်း,PAKHATA,ပခတ,7,Bago,ပဲခူးတိုင်းဒေသကြီး,ပေါက်ခေါင်း,Paukkhaung
PAUNDE,PAUN DE,ပေါင်းတည်,PATATA,ပတတ,7,Bago,ပဲခူးတိုင်းဒေသကြီး,ပေါင်းတည်,Paungde
PAUNG,PAUNG,ပေါင်,PAMANA,ပမန,10,Mon,မွန်ပြည်နယ်,ပေါင်,Paung
PAUNGTALAE,PAUNG TA LAE,ပေါင်းတလည်,PATALA,ပတလ,7,Bago,ပဲခူးတိုင်းဒေသကြီး,ပေါင်းတလည်,Paungdale
PHAKANT,PHA KANT,ဖားကန့်,PHAKANA,ဖကန,1,Kachin,ကချင်ပြည်နယ်,ဖားကန့်,Hpakant
PHA KANT,PHA KANT,ဖားကန့်,KAMANA,ကမန,1,Kachin,ကချင်ပြည်နယ်,ဖားကန့်,Hpakant
PHARPON-KAYIN,PHARPON-KAYIN,ဖာပွန်,PHAPANA,ဖပန,3,Kayin,ကရင်ပြည်နယ်,ဖာပွန်,Hpapun
PHAUNGPYIN,PHAUNG PYIN,ဖောင်းပြင်,PHAPANA,ဖပန,5,Sagaing,စစ်ကိုင်းတိုင်းဒေသကြီး,ဖောင်းပြင်,Paungbyin
PHEKON,PHE KON,ဖယ်ခုံ,PHAKHANA,ဖခန,13,Shan,ရှမ်းပြည်နယ်,ဖယ်ခုံ,Pekon
PHRUSO,PHRU SO,ဖရူးဆိုး,PHAYASA,ဖရဆ,2,Kayah,ကယားပြည်နယ်,ဖရူဆို,Phru So
PHYAPON,PHYA PON,ဖျာပုံ,PHAPANA,ဖပန,14,Ayeyarwady,ဧရာဝတီတိုင်းဒေသကြီး,ဖျာပုံ,Pyapon
PINDAYA,PIN DA YA,ပင်းတယ,PATAYA,ပတယ,13,Shan,ရှမ်းပြည်နယ်,ပင်းတယ,Pindaya
PINLAUNG,PIN LAUNG,ပင်လောင်း,PALATA,ပလန,13,Shan,ရှမ်းပြည်နယ်,ပင်လောင်း,Pinlaung
PINLEBU,PIN LE BU,ပင်လယ်ဘူး,PALABA,ပလဘ,5,Sagaing,စစ်ကိုင်းတိုင်းဒေသကြီး,ပင်လည်ဘူး,Pin Le Bu
POBBATHIRI,POB BA THIRI,ပုဗ္ဗသီရိ,PABATHA,ပဗသ,9,Mandalay,မန္တလေးတိုင်းဒေသကြီး,ပုဗ္ဗသီရိ,Poke Ba Thi Ritown
PONNAGYUN,PON NA GYUN,ပုဏ္ဏားကျွန်း,PANAKA,ပဏက,11,Rakhine,ရခိုင်ပြည်နယ်,ပုဏ္ဏားကျွန်း,Ponnagyun
PUTAO,PU TA O,ပူတာအို,PATAAH,ပတအ,1,Kachin,ကချင်ပြည်နယ်,ပူတာအို,Puta-O
PWINTPHYU,PWINT PHYU,ပွင့်ဖြူ,PAPHANA,ပဖန,8,Magway,မကွေးတိုင်းဒေသကြီး,ပွင့်ဖြူ,Pwintbyu
PYAWBWE,PYAW BWE,ပျော်ဘွယ်,PABANA,ပဘန,9,Mandalay,မန္တလေးတိုင်းဒေသကြီး,ပျော်ဘွယ်,Pyawbwe
PYAY,PYAY,ပြည်,PAMANA,ပမန,7,Bago,ပဲခူးတိုင်းဒေသကြီး,ပြည်,Pyay
PYIGYIMANDAING,PYI GYI MAN DAING,ပြည်ကြီးမဏ္ဍိုင်,PAKAMA,ပကမ,6,Tanintharyi,တနင်္သာရီတိုင်းဒေသကြီး,ပြည်ကြီးမဏ္ဍိုင်,Pyigyimandaing
PYIGYITAKHUN,PYI GYI TA KHUN,ပြည်ကြီးတံခွန်,PAKAKHA,ပကခ,9,Mandalay,မန္တလေးတိုင်းဒေသကြီး,ပြည်ကြီးတံခွန်,Pyigyitagon
PYINMANA,PYIN MA NA,ပျဉ်းမနား,PAMANA,ပမန,9,Mandalay,မန္တလေးတိုင်းဒေသကြီး,ပျဉ်းမနား,Pyinmana
PYINSALU,PYIN SA LU,ပြင်စလူ,PASALA,ပစလ,14,Ayeyarwady,ဧရာဝတီတိုင်းဒေသကြီး,ပြင်စလူ,Pyinsalu
PYU,PYU,ဖြူး,PHAMANA,ဖမန,7,Bago,ပဲခူးတိုင်းဒေသကြီး,ဖြူး,Phyu
PYUNTANSAR,PYUN TAN SAR,ပြွန်တန်ဆာ,PATASA,ပတဆ,7,Bago,ပဲခူးတိုင်းဒေသကြီး,ပြွန်တန်ဆာ,Pyuntasa
RIHKHUADAL,RIH KHUA DAL,ရခူးဒဲ,YAKHADA,ရခဒ,4,Chin,ချင်းပြည်နယ်,ရိခေါ်ဒါရ်,Rih Khua Dal
SAGAING,SA GAING,စစ်ကိုင်း,SAKANA,စကန,5,Sagaing,စစ်ကိုင်းတိုင်းဒေသကြီး,စစ်ကိုင်း,Sagaing
SAKU,SA KU,စကု,SAKANA,စကန,8,Magway,မကွေးတိုင်းဒေသကြီး,စကု,Saku
SALIN,SA LIN,စလင်း,SALANA,စလန,8,Magway,မကွေးတိုင်းဒေသကြီး,စလင်း,Salin
SALINGYI,SA LIN GYI,ဆားလင်းကြီး,SALAKA,ဆလက,5,Sagaing,စစ်ကိုင်းတိုင်းဒေသကြီး,ဆားလင်းကြီး,Salingyi
SAMI,SAMI,စမီး,SAMANA,ဆမန,4,Chin,ချင်းပြည်နယ်,ဆမီး,Sami
SANGYOUNG,SAN GYOUNG,စမ်းချောင်း,SAKHANA,စခန,12,Yangon,ရန်ကုန်တိုင်းဒေသကြီး,စမ်းချောင်း,Sanchaung
HSOTLAW,SAW LAW,ဆော့လော်,SALANA,ဆလန,1,Kachin,ကချင်ပြည်နယ်,ဆော့လော်,Tsawlaw
SAYTOTTARA,SAY TOT TA RA,စေတုတ္တရာ,SATAYA,စတရ,8,Magway,မကွေးတိုင်းဒေသကြီး,စေတုတ္တရာ,Sidoktaya
SEIKPHYU,SEIK PHYU,ဆိပ်ဖြူ,SAPHANA,ဆဖန,8,Magway,မကွေးတိုင်းဒေသကြီး,ဆိပ်ဖြူ,Seikphyu
SEIKKAN,SEIKKAN,ဆိပ်ကမ်း,SAKANA,ဆကန,12,Yangon,ရန်ကုန်တိုင်းဒေသကြီး,ဆိပ်ကမ်း,Seikkan
SHANYWATHIT,SHAN YWA THIT,ရှမ်းရွာသစ်,YAYATHA,ရရသ,3,Kayin,ကရင်ပြည်နယ်,ရှမ်းရွာသစ်,Shan Ywar Thit
SHARDAW,SHAR DAW,ရှားတော်,YATANA,ရတန,2,Kayah,ကယားပြည်နယ်,ရှားတော,Shar Daw
SHINBWAYYAN,SHIN BWAY YAN,ရှင်ဘွီယန်,YABAYA,ရဘယ,1,Kachin,ကချင်ပြည်နယ်,ရှင်ဗွေယန်,Shin Bway Yan
SHWEBO,SHWE BO,ရွှေဘို,YABANA,ရဘန,5,Sagaing,စစ်ကိုင်းတိုင်းဒေသကြီး,ရွှေဘို,Shwebo
SHWEDAUNG,SHWE DAUNG,ရွှေတောင်,YATANA,ရတန,7,Bago,ပဲခူးတိုင်းဒေသကြီး,ရွှေတောင်,Shwedaung
SHWEGU,SHWE GU,ရွှေကူ,YAKANA,ရကန,1,Kachin,ကချင်ပြည်နယ်,ရွှေကူ,Shwegu
SHWENYAUNG,SHWE NYAUNG,ရွှေညောင်,YANYANA,ရညန,13,Shan,ရှမ်းပြည်နယ်,ရွှေညောင်,Shwenyaung
SHWEPYITHA,SHWE PYI THA,ရွှေပြည်သာ,YAPATHA,ရပသ,12,Yangon,ရန်ကုန်တိုင်းဒေသကြီး,ရွှေပြည်သာ,Shwepyithar
SHWETHAUNGYAN,SHWE THAUNG YAN,ရွှေသောင်ရံ,YATHAYA,ယသရ,14,Ayeyarwady,ဧရာဝတီတိုင်းဒေသကြီး,ရွှေသောင်ယံ,Shwe Thaung Yan
SHWEGYIN,SHWEG YIN,ရွှေကျင်,YAKANA,ရကန,7,Bago,ပဲခူးတိုင်းဒေသကြီး,ရွှေကျင်,Shwegyin
HSINBO,SIN BO,ဆင်ဘို,SABATA,ဆဘန,1,Kachin,ကချင်ပြည်နယ်,ဆင်ဘို,Sinbo
SINGAING,SIN GAING,စဉ့်ကိုင်,SAKATA,စကတ,9,Mandalay,မန္တလေးတိုင်းဒေသကြီး,စဉ့်ကိုင်,Sintgaing
SINKU,SIN KU,စဉ့်ကူး,SAKANA,စကန,9,Mandalay,မန္တလေးတိုင်းဒေသကြီး,စဉ့်ကူး,Singu
SINPAUNGWAE,SIN PAUNG WAE,ဆင်ပေါင်ဝဲ,SAPAWA,ဆပ၀,8,Magway,မကွေးတိုင်းဒေသကြီး,ဆင်ပေါင်ဝဲ,Sinbaungwe
SITTWAY,SIT TWAY,စစ်တွေ,SATANA,စတန,11,Rakhine,ရခိုင်ပြည်နယ်,စစ်တွေ,Sittwe
SOUTHDAGON,SOUTH DAGON,ဒဂုံမြို့သစ် (တောင်),DAGATA,ဒဂတ,12,Yangon,ရန်ကုန်တိုင်းဒေသကြီး,ဒဂုံမြို့သစ်(တောင်ပိုင်း),South Dagon
SOUTHOKKALAPA,SOUTH OKKALAPA,တောင်ဥက္ကလာ,OUKATA,ဥကတ,12,Yangon,ရန်ကုန်တိုင်းဒေသကြီး,တောင်ဥက္ကလာပ,South Okkalapa
SUGALI,SU GA LI,စုကလိ,SAKALA,စကလ,3,Kayin,ကရင်ပြည်နယ်,စုကလိ,Su Ka Li
SUMPRABUM,SUM PRA BUM,ဆွမ်ပရာဘွမ်,SAPABA,ဆပဘ,1,Kachin,ကချင်ပြည်နယ်,ဆွမ်ပရာဘွမ်,Sumprabum
SWAMMARA,SWAMMARA,ဆွမ္မရာ,HSAMARA,ဆမရ,5,Sagaing,စစ်ကိုင်းတိုင်းဒေသကြီး,ဆွမ္မရာ,Sum Ma Rar
TACHILEIK,TA CHI LEIK,တာချီလိတ်,TAKHALA,တခလ,13,Shan,ရှမ်းပြည်နယ်,တာချီလိတ်,Tachileik
TAGAUNG,TA GAUNG,တကောင်း,TAKATA,တကတ,9,Mandalay,မန္တလေးတိုင်းဒေသကြီး,တကောင်း,Takaung
TALAY,TA LAY,တာလေ,TALANA,တလန,13,Shan,ရှမ်းပြည်နယ်,တာလေ,Tarlay
TAMOENYE,TA MOE NYE,တာမိုးညဲ,TAMANYA,တမည,13,Shan,ရှမ်းပြည်နယ်,တာမိုးညဲ,Tarmoenye
TAMWAY,TA MWAY,တာမွေ,TAMANA,တမန,12,Yangon,ရန်ကုန်တိုင်းဒေသကြီး,တာမွေ,Tamwe
TANAING,TA NAING,တနိုင်း,TANANA,တနန,1,Kachin,ကချင်ပြည်နယ်,တနိုင်း,Tanai
TANINTHARYI-YA,TA NIN THAR YI,တနင်္သာရီ,TATHAYA,တသရ,6,Tanintharyi,တနင်္သာရီတိုင်းဒေသကြီး,တနင်္သာရီ,Tanintharyi
TANINTHARYI,TA NIN THAR YI-THA,တနင်္သာရီ,TANATHA,တနသ,6,Tanintharyi,တနင်္သာရီတိုင်းဒေသကြီး,တနင်္သာရီ,Tanintharyi
TADAU,TADAU,တံတားဦး,TATAOU,တတဥ,9,Mandalay,မန္တလေးတိုင်းဒေသကြီး,တံတားဦး,Tada-U
TAIKKYI,TAIKKYI,တိုက်ကြီး,TAKANA,တကန,12,Yangon,ရန်ကုန်တိုင်းဒေသကြီး,တိုက်ကြီး,Taikkyi
TAMU,TAMU,တမူး,TAMANA,တမန,5,Sagaing,စစ်ကိုင်းတိုင်းဒေသကြီး,တမူး,Tamu
TANSEI,TAN SEI,တန့်ဆည်,TASANA,တဆန,5,Sagaing,စစ်ကိုင်းတိုင်းဒေသကြီး,တန့်ဆည်,Taze
TANATPIN,TANATPIN,သနပ်ပင်,THANAPA,သနပ,7,Bago,ပဲခူးတိုင်းဒေသကြီး,သနပ်ပင်,Thanatpin
TANTYAN,TANTYAN,တန့်ယန်း,TAYANA,တယန,13,Shan,ရှမ်းပြည်နယ်,တန့်ယန်း,Tangyan
TATAR,TATAR,တံတား,TATAHTA,တတထ,12,Yangon,ရန်ကုန်တိုင်းဒေသကြီး,တံတား,Tadar
TATKON,TATKON,တပ်ကုန်း,TAKANA,တကန,9,Mandalay,မန္တလေးတိုင်းဒေသကြီး,တပ်ကုန်း,Tatkon
TAUNGDWINGYI,TAUNG DWIN GYI,တောင်တွင်းကြီး,TATAKA,တတက,8,Magway,မကွေးတိုင်းဒေသကြီး,တောင်တွင်းကြီး,Taungdwingyi
TAUNGPYO,TAUNG PYO,တောင်ပြိုလက်ဝဲဒ,TAPAWA,တပ၀,11,Rakhine,ရခိုင်ပြည်နယ်,တောင်ပြိုလက်ဝဲ,Taung Pyo
TAUNGTHA,TAUNG THA,တောင်သာ,TATHANA,တသန,9,Mandalay,မန္တလေးတိုင်းဒေသကြီး,တောင်သာ,Taungtha
TAUNGGYI,TAUNGGYI,တောင်ကြီး,TAKANA,တကန,13,Shan,ရှမ်းပြည်နယ်,တောင်ကြီး,Taunggyi
TEDIM,TEDIM,တီးတိန်,TATANA,တတန,4,Chin,ချင်းပြည်နယ်,တီးတိန်,Tedim
THABEIKKYIN,THA BEIK KYIN,သပိတ်ကျင်း,THAPAKA,သပက,9,Mandalay,မန္တလေးတိုင်းဒေသကြီး,သပိတ်ကျင်း,Thabeikkyin
THAKAYTA,THA KAY TA,သာကေတ,THAKATA,သကတ,12,Yangon,ရန်ကုန်တိုင်းဒေသကြီး,သာကေတ,Thaketa
THAPAUNG,THA PAUNG,သာပေါင်း,THAPANA,သပန,14,Ayeyarwady,ဧရာဝတီတိုင်းဒေသကြီး,သာပေါင်း,Thabaung
THAYAWADY,THA YA WA DY,သာယာဝတီ,THAWATA,သဝတ,7,Bago,ပဲခူးတိုင်းဒေသကြီး,သာယာဝတီ,Thayarwady
THAYET,THA YET,သရက်,THAYANA,သရန,8,Magway,မကွေးတိုင်းဒေသကြီး,သရက်,Thayet
THAYETCHAUNG,THA YET CHAUNG,သရက်ချောင်း,THAYAKHA,သရခ,6,Tanintharyi,တနင်္သာရီတိုင်းဒေသကြီး,သရက်ချောင်း,Thayetchaung
THAZI,THA ZI,သာစည်,THASANA,သစန,9,Mandalay,မန္တလေးတိုင်းဒေသကြီး,သာစည်,Thazi
THAHTON,THAHTON,သထုံ,THAHTANA,သထန,10,Mon,မွန်ပြည်နယ်,သထုံ,Thaton
THANBYUZAYAT,THAN BYU ZA YAT,သံဖြူဇရပ်,THAPHAYA,သဖရ,10,Mon,မွန်ပြည်နယ်,သံဖြူဇရပ်,Thanbyuzayat
THANDAUNGGYI,THAN DAUNG GYI,သံတောင်ကြီး,THATAKA,သတက,3,Kayin,ကရင်ပြည်နယ်,သံတောင်ကြီး,Thandaunggyi
THANDWE,THAN DWE,သံတွဲ,THATANA,သတန,11,Rakhine,ရခိုင်ပြည်နယ်,သံတွဲ,Thandwe
THANLYIN,THAN LYIN,သန်လျင်,THALANA,သလန,12,Yangon,ရန်ကုန်တိုင်းဒေသကြီး,သန်လျင်,Thanlyin
THANTAUNG,THANTAUNG,သံတောင်,THATANA,သတန,3,Kayin,ကရင်ပြည်နယ်,သံတောင်,Thandaung
THEGON,THE GON,သဲကုန်း,THAKANA,သကန,7,Bago,ပဲခူးတိုင်းဒေသကြီး,သဲကုန်း,Thegon
THEINNI,THEIN NI,သိန္နီ,THANANA,သနန,13,Shan,ရှမ်းပြည်နယ်,သိန္နီ,Hseni
THINGANGYUN,THIN GAN GYUN,သင်္ဃန်းကျွန်း,THAGAKA,သဃက,12,Yangon,ရန်ကုန်တိုင်းဒေသကြီး,သင်္ဃန်းကျွန်း,Thingangyun
THONGWA,THON GWA,သုံးခွ,THAKHANA,သခန,12,Yangon,ရန်ကုန်တိုင်းဒေသကြီး,သုံးခွ,Thongwa
THONSAE,THON SAE,သုံးဆယ်,THASANA,သဆန,7,Bago,ပဲခူးတိုင်းဒေသကြီး,သုံးဆယ်,Thonse
TONZAUNG,TON ZAUNG,တွန်းဇံ,TAZANA,တဇန,4,Chin,ချင်းပြည်နယ်,တွန်းဇန်,Ton Zaung
TONETAR,TONE TAR,တုန်တာ,TATANA,တတန,13,Shan,ရှမ်းပြည်နယ်,တုံတာ,Tone Tar
TOUNGOO,TOUNGOO,တောင်ငူ,TANGANA,တငန,7,Bago,ပဲခူးတိုင်းဒေသကြီး,တောင်ငူ,Taungoo
TOUNGUP,TOUNGUP,တောင်ကုတ်,TAKANA,တကန,11,Rakhine,ရခိုင်ပြည်နယ်,တောင်ကုတ်,Toungup
TWANTAY,TWAN TAY,တွံတေး,TATANA,တတန,12,Yangon,ရန်ကုန်တိုင်းဒေသကြီး,တွံတေး,Twantay
WAKEMA,WA KE MA,ဝါးခယ်မ,WAKHAMA,ဝခမ,14,Ayeyarwady,ဧရာဝတီတိုင်းဒေသကြီး,ဝါးခယ်မ,Wakema
WAINGMAW,WAING MAW,ဝိုင်းမော်,WAMANA,၀မန,1,Kachin,ကချင်ပြည်နယ်,ဝိုင်းမော်,Waingmaw
WALEMYAING,WALE MYAING,ေ၀ါလင်မြိုင်,WALAMA,၀လမ,3,Kayin,ကရင်ပြည်နယ်,ဝေါလေမြိုင် (ဝေါလေ),Wale Myaing
WAW,WAW,ဝေါ,WAMANA,ဝမန,7,Bago,ပဲခူးတိုင်းဒေသကြီး,ဝေါ,Waw
WETLET,WET LET,ဝက်လက်,WALANA,ဝလန,5,Sagaing,စစ်ကိုင်းတိုင်းဒေသကြီး,ဝက်လက်,Wetlet
WUNDWIN,WUN DWIN,ဝမ်းတွင်း,WATANA,ဝတန,9,Mandalay,မန္တလေးတိုင်းဒေသကြီး,ဝမ်းတွင်း,Wundwin
WUNTHO,WUNTHO,ဝန်းသို,WATHANA,ဝသန,5,Sagaing,စစ်ကိုင်းတိုင်းဒေသကြီး,ဝန်းသို,Wuntho
YAMETHIN,YA ME THIN,ရမည်းသင်း,YAMATHA,ရမသ,9,Mandalay,မန္တလေးတိုင်းဒေသကြီး,ရမည်းသင်း,Yamethin
YATHEDAUNG,YA THE DAUNG,ရသေ့တောင်,YATHATA,ရသတ,11,Rakhine,ရခိုင်ပြည်နယ်,ရသေ့တောင်,Rathedaung
YAEDASHE,YAE DA SHE,ရေတာရှည်,YATAYA,ရတရ,7,Bago,ပဲခူးတိုင်းဒေသကြီး,ရေတာရှည်,Yedashe
YANBYE,YAN BYE,ရမ်းဗြဲ,YABANA,ရဗန,11,Rakhine,ရခိုင်ပြည်နယ်,ရမ်းဗြဲ,Ramree
YANKIN,YAN KIN,ရန်ကင်း,YAKANA,ရကန,12,Yangon,ရန်ကုန်တိုင်းဒေသကြီး,ရန်ကင်း,Yankin
YATSAUK,YAT SAUK,ရက်စောက်,YASANA,ရစန,13,Shan,ရှမ်းပြည်နယ်,ရပ်စောက်,Yat Sauk
YAYNANCHAUNG,YAY NAN CHAUNG,ရေနံချောင်း,YANAKHA,ရနခ,8,Magway,မကွေးတိုင်းဒေသကြီး,ရေနံချောင်း,Yenangyaung
YAYSAKYO,YAY SA KYO,ရေစကြို,YASAKA,ရစက,8,Magway,မကွေးတိုင်းဒေသကြီး,ရေစကြို,Yesagyo
YAYSWAR,YAYSWAR,ရေဇွာ,YAZANA,ရဇန,4,Chin,ချင်းပြည်နယ်,ရေဇွာ,Rezua
YE,YE,ရေး,YAMANA,ရမန,10,Mon,မွန်ပြည်နယ်,ရေး,Ye
YEBYU,YE BYU,ရေဖြူ,YAPHANA,ရဖန,6,Tanintharyi,တနင်္သာရီတိုင်းဒေသကြီး,ရေဖြူ,Yebyu
YEKYI,YE KYI,ရေကြည်,YAKANA,ရကန,14,Ayeyarwady,ဧရာဝတီတိုင်းဒေသကြီး,ရေကြည်,Yegyi
YEU,YE U,ရေဦး,YAOUNA,ရဥန,5,Sagaing,စစ်ကိုင်းတိုင်းဒေသကြီး,ရေဦး,Ye-U
YINMARPIN,YIN MAR PIN,ယင်းမာပင်,YAMAPA,ယမပ,5,Sagaing,စစ်ကိုင်းတိုင်းဒေသကြီး,ယင်းမာပင်,Yinmarbin
YWARNGAN,YWARNGAN,ရွာငံ,YANGANA,ရငန,13,Shan,ရှမ်းပြည်နယ်,ရွာငံ,Ywangan
YWATHIT,YWATHIT,ရွာသစ်,YATHANA,ရသန,2,Kayah,ကယားပြည်နယ်,ရွာသစ်,Ywarthit
ZABUTHIRI,ZA BU THIRI,ဇမ္ဗူသီရိ,ZABATHA,ဇဗသ,9,Mandalay,မန္တလေးတိုင်းဒေသကြီး,ဇမ္ဗူသီရိ,Za Bu Thi Ri
ZALUN,ZA LUN,ဇလွန်,ZALANA,ဇလန,14,Ayeyarwady,ဧရာဝတီတိုင်းဒေသကြီး,ဇလွန်,Zalun
ZEYARTHIRI,ZE YAR THIRI,ဇေယျာသီရိ,ZAYATHA,ဇယသ,9,Mandalay,မန္တလေးတိုင်းဒေသကြီး,ဇေယျာသီရိ,Zay Yar Thi Ri
ZIGON,ZIGON,ဇီးကုန်း,ZAKANA,ဇကန,7,Bago,ပဲခူးတိုင်းဒေသကြီး,ဇီးကုန်း,Zigon
